{"fmus":{"{pt}":"file:////Users/kel/Downloads/ipp4cpps-project/FMUs/FMU_VDM_PartTracker.fmu","{r}":"file:////Users/kel/Downloads/ipp4cpps-project/FMUs/FMU_VDM_Robot.fmu","{ts}":"file:////Users/kel/Downloads/ipp4cpps-project/FMUs/FMU_VDM_TestStation.fmu","{w1}":"file:////Users/kel/Downloads/ipp4cpps-project/FMUs/FMU_VDM_Wagon.fmu","{w2}":"file:////Users/kel/Downloads/ipp4cpps-project/FMUs/FMU_VDM_Wagon2.fmu","{w3}":"file:////Users/kel/Downloads/ipp4cpps-project/FMUs/FMU_VDM_Wagon3.fmu","{w}":"file:////Users/kel/Downloads/ipp4cpps-project/FMUs/FMU_VDM_Warehouse.fmu"},"connections":{"{pt}.pt.w_in3":["{w}.warehouse.w_in3"],"{pt}.pt.w_in2":["{w}.warehouse.w_in2"],"{pt}.pt.w_in1":["{w}.warehouse.w_in1"],"{pt}.pt.leaveTestingA":["{w1}.wagon1.wagon_leaveTesting"],"{pt}.pt.speedA":["{w1}.wagon1.wagon_speed"],"{pt}.pt.leaveLoadingA":["{w1}.wagon1.wagon_leaveLoading"],"{pt}.pt.speedC":["{w3}.wagon3.wagon_speed"],"{pt}.pt.leaveLoadingC":["{w3}.wagon3.wagon_leaveLoading"],"{pt}.pt.leaveTestingC":["{w3}.wagon3.wagon_leaveTesting"],"{pt}.pt.speedB":["{w2}.wagon2.wagon_speed"],"{pt}.pt.leaveTestingB":["{w2}.wagon2.wagon_leaveTesting"],"{pt}.pt.leaveLoadingB":["{w2}.wagon2.wagon_leaveLoading"],"{pt}.pt.p_ID":["{w}.warehouse.p_ID"],"{w}.warehouse.w_out":["{pt}.pt.w_out"],"{w}.warehouse.r_in1":["{r}.robot.r_in1"],"{w}.warehouse.r_in2":["{r}.robot.r_in2"],"{w}.warehouse.r_ID":["{r}.robot.r_ID"],"{w1}.wagon1.wagon_pos":["{pt}.pt.posA","{w2}.wagon2.prev_wagon_pos"],"{w1}.wagon1.prev_wagon_speed":["{w3}.wagon3.wagon_speed"],"{w3}.wagon3.wagon_pos":["{pt}.pt.posC","{w1}.wagon1.prev_wagon_pos"],"{w3}.wagon3.prev_wagon_speed":["{w2}.wagon2.wagon_speed"],"{w2}.wagon2.wagon_pos":["{pt}.pt.posB","{w3}.wagon3.prev_wagon_pos"],"{w2}.wagon2.prev_wagon_speed":["{w1}.wagon1.wagon_speed"],"{ts}.testStation.testResult":["{pt}.pt.testResult"],"{ts}.testStation.t_out":["{pt}.pt.t_out"],"{ts}.testStation.t_status":["{pt}.pt.t_status"]},"parameters":{},"livestream":{"{w2}.wagon2":["wagon_pos"],"{w3}.wagon3":["wagon_pos"],"{w1}.wagon1":["wagon_pos"]},"visible":true,"loggingOn":true,"overrideLogLevel":"TRACE","algorithm":{"type":"var-step","initsize":0.1,"size":[0.000005,0.2],"constraints":{}}}