{"fmus":{"{HMI}":"file:///D:/AugCoSIM/ipp4cpps-project/FMUs/FMU_VDM_HMI.fmu","{PT}":"file:///D:/AugCoSIM/ipp4cpps-project/FMUs/FMU_VDM_PartTracker.fmu","{ROBOT}":"file:///D:/AugCoSIM/ipp4cpps-project/FMUs/FMU_VDM_Robot.fmu","{TEST}":"file:///D:/AugCoSIM/ipp4cpps-project/FMUs/FMU_VDM_TestStation.fmu","{WAG}":"file:///D:/AugCoSIM/ipp4cpps-project/FMUs/FMU_VDM_Wagon.fmu","{WH}":"file:///D:/AugCoSIM/ipp4cpps-project/FMUs/FMU_VDM_Warehouse.fmu"},"connections":{"{HMI}.HMIInstance.h_command":["{PT}.PTInstance.h_command"],"{PT}.PTInstance.ack_END_USER":["{HMI}.HMIInstance.ack_END_USER"],"{PT}.PTInstance.ack_TEST_STATION":["{HMI}.HMIInstance.ack_TEST_STATION"],"{PT}.PTInstance.ack_WAGON":["{HMI}.HMIInstance.ack_WAGON"],"{PT}.PTInstance.ack_WAITING_ROOM":["{HMI}.HMIInstance.ack_WAITING_ROOM"],"{PT}.PTInstance.ack_WAREHOUSE":["{HMI}.HMIInstance.ack_WAREHOUSE"],"{PT}.PTInstance.commandAck":["{HMI}.HMIInstance.commandAck"],"{PT}.PTInstance.leaveStationA":["{WAG}.WAGInstance.leaveStation"],"{PT}.PTInstance.p_ID":["{WH}.WHInstance.p_ID"],"{PT}.PTInstance.speedA":["{WAG}.WAGInstance.speed"],"{PT}.PTInstance.t_ID":["{TEST}.TESTInstance.t_ID"],"{PT}.PTInstance.t_valid":["{TEST}.TESTInstance.t_valid"],"{PT}.PTInstance.w_in1":["{WH}.WHInstance.w_in1"],"{PT}.PTInstance.w_in2":["{WH}.WHInstance.w_in2"],"{PT}.PTInstance.w_in3":["{WH}.WHInstance.w_in3"],"{PT}.PTInstance.w_valid":["{WH}.WHInstance.w_valid"],"{PT}.PTInstance.wagonPositions":["{HMI}.HMIInstance.wagonPositions"],"{WAG}.WAGInstance.pos":["{PT}.PTInstance.posA"],"{WH}.WHInstance.r_ID":["{ROBOT}.ROBOTInstance.r_ID"],"{WH}.WHInstance.r_in1":["{ROBOT}.ROBOTInstance.r_in1"],"{WH}.WHInstance.r_in2":["{ROBOT}.ROBOTInstance.r_in2"],"{WH}.WHInstance.w_out":["{PT}.PTInstance.w_out"],"{TEST}.TESTInstance.t_out":["{PT}.PTInstance.t_out"],"{TEST}.TESTInstance.t_status":["{PT}.PTInstance.t_status"],"{TEST}.TESTInstance.testResult":["{PT}.PTInstance.testResult"],"{ROBOT}.ROBOTInstance.r_out":["{WH}.WHInstance.r_out"]},"parameters":{},"livestream":{"{WH}.WHInstance":["w_out"],"{PT}.PTInstance":["p_ID","w_in1","w_in2","w_in3"]},"loggingOn":true,"overrideLogLevel":"TRACE","algorithm":{"type":"fixed-step","size":5},"multimodel_crc":null,"parallelSimulation":false,"stabalizationEnabled":false,"global_absolute_tolerance":0,"global_relative_tolerance":0.01,"simulationProgramDelay":false}