{"fmus":{"{pt}":"file:////Users/kel/Downloads/new/ipp4cpps-project/FMUs/FMU_VDM_PartTracker.fmu","{r}":"file:////Users/kel/Downloads/new/ipp4cpps-project/FMUs/FMU_VDM_Robot.fmu","{ts}":"file:////Users/kel/Downloads/new/ipp4cpps-project/FMUs/FMU_VDM_TestStation.fmu","{w1}":"file:////Users/kel/Downloads/new/ipp4cpps-project/FMUs/FMU_VDM_Wagon.fmu","{w}":"file:////Users/kel/Downloads/new/ipp4cpps-project/FMUs/FMU_VDM_Warehouse.fmu"},"connections":{"{pt}.pt.w_in3":["{w}.warehouse.w_in3"],"{pt}.pt.w_in2":["{w}.warehouse.w_in2"],"{pt}.pt.w_in1":["{w}.warehouse.w_in1"],"{pt}.pt.leaveStationA":["{w1}.wagon1.leaveStation"],"{pt}.pt.leaveStationC":["{w1}.wagon3.leaveStation"],"{pt}.pt.leaveStationB":["{w1}.wagon2.leaveStation"],"{pt}.pt.speedA":["{w1}.wagon1.speed"],"{pt}.pt.speedC":["{w1}.wagon3.speed"],"{pt}.pt.speedB":["{w1}.wagon2.speed"],"{pt}.pt.p_ID":["{w}.warehouse.p_ID"],"{w}.warehouse.w_out":["{pt}.pt.w_out"],"{w}.warehouse.r_in1":["{r}.robot.r_in1"],"{w}.warehouse.r_in2":["{r}.robot.r_in2"],"{w}.warehouse.r_ID":["{r}.robot.r_ID"],"{w1}.wagon1.pos":["{pt}.pt.posA","{w1}.wagon2.pos_front","{w1}.wagon3.pos_behind"],"{w1}.wagon3.pos":["{pt}.pt.posC","{w1}.wagon1.pos_front","{w1}.wagon2.pos_behind"],"{w1}.wagon2.pos":["{pt}.pt.posB","{w1}.wagon3.pos_front","{w1}.wagon1.pos_behind"],"{ts}.testStation.testResult":["{pt}.pt.testResult"],"{ts}.testStation.t_out":["{pt}.pt.t_out"],"{ts}.testStation.t_status":["{pt}.pt.t_status"]},"parameters":{},"livestream":{"{w1}.wagon1":["pos"],"{w1}.wagon3":["pos"],"{w1}.wagon2":["pos"]},"loggingOn":true,"overrideLogLevel":"TRACE","algorithm":{"type":"var-step","initsize":0.1,"size":[0.000005,0.2],"constraints":{}}}