time,step-size,{HMI}.HMIInstance.h_command,{PT}.PTInstance.ack_END_USER,{PT}.PTInstance.ack_TEST_STATION,{PT}.PTInstance.ack_WAGON,{PT}.PTInstance.ack_WAITING_ROOM,{PT}.PTInstance.ack_WAREHOUSE,{PT}.PTInstance.commandAck,{PT}.PTInstance.leaveStationA,{PT}.PTInstance.p_ID,{PT}.PTInstance.speedA,{PT}.PTInstance.t_ID,{PT}.PTInstance.t_valid,{PT}.PTInstance.w_in1,{PT}.PTInstance.w_in2,{PT}.PTInstance.w_in3,{PT}.PTInstance.w_valid,{PT}.PTInstance.wagonPositions,{ROBOT}.ROBOTInstance.r_out,{TEST}.TESTInstance.t_out,{TEST}.TESTInstance.t_status,{TEST}.TESTInstance.testResult,{WAG}.WAGInstance.pos,{WH}.WHInstance.r_ID,{WH}.WHInstance.r_in1,{WH}.WHInstance.r_in2,{WH}.WHInstance.w_out
0.0,0.0,0,0,0,0,0,0,0,false,0,1,0,false,0,0,0,false,0,0,0,0,true,0,0,0,0,0
1.0,1.0,0,0,0,0,0,0,0,false,0,1,0,false,0,0,0,false,1024,0,0,0,true,1,0,0,0,0
2.0,1.0,87234,0,0,0,0,0,0,false,0,1,0,false,0,0,0,false,1024,0,0,0,true,1,0,0,0,0
3.0,1.0,87234,0,0,0,0,1,81921,false,1,1,0,false,2,4,6,true,1049600,0,0,0,true,1,0,0,0,0
4.0,1.0,149802,0,0,0,0,1,81921,false,1,1,0,false,2,4,6,true,1049600,0,0,0,true,1,0,0,0,0
5.0,1.0,149802,0,0,0,0,1,147457,false,1,1,0,false,2,4,6,true,1049600,0,0,0,true,1,4,1,11,0
6.0,1.0,149802,0,0,0,0,1,147457,false,1,1,0,false,2,4,6,true,1049600,1,0,0,true,1,4,1,11,0
7.0,1.0,182570,0,0,0,0,1,147457,false,1,1,0,false,2,4,6,true,1049600,1,0,0,true,1,4,1,11,0
8.0,1.0,182570,0,0,0,0,1,147457,false,1,1,0,false,2,4,6,true,1049600,1,0,0,true,1,4,1,11,0
9.0,1.0,182570,0,0,0,0,1,180225,false,1,1,0,false,2,4,6,true,1049600,1,0,0,true,1,4,1,11,0
10.0,1.0,182570,0,0,0,0,1,180225,false,1,1,0,false,2,4,6,true,1049600,1,0,0,true,1,4,1,11,0
11.0,1.0,215685,0,0,0,0,1,180225,false,1,1,0,false,2,4,6,true,1049600,1,0,0,true,2,4,1,11,0
12.0,1.0,215685,0,0,0,0,1,180225,false,1,1,0,false,2,4,6,true,1049600,0,0,0,true,2,4,1,11,0
13.0,1.0,215685,0,0,0,0,1,212993,false,1,1,0,false,2,4,6,true,2098176,0,0,0,true,2,8,1,11,0
14.0,1.0,215685,0,0,0,0,1,212993,false,1,1,0,false,2,4,6,true,2098176,1,0,0,true,2,8,1,11,0
15.0,1.0,248453,0,0,0,0,1,212993,false,1,1,0,false,2,4,6,true,2098176,1,0,0,true,2,8,1,11,0
16.0,1.0,248453,0,0,0,0,1,212993,false,1,1,0,false,2,4,6,true,2098176,1,0,0,true,2,8,1,11,0
17.0,1.0,248453,0,0,0,0,1,245761,false,1,1,0,false,2,4,6,true,2098176,1,0,0,true,2,8,1,11,0
18.0,1.0,248453,0,0,0,0,1,245761,false,1,1,0,false,2,4,6,true,2098176,1,0,0,true,2,8,1,11,0
19.0,1.0,248453,0,0,0,0,1,245761,false,1,1,0,false,2,4,6,true,2098176,1,0,0,true,2,8,1,11,0
20.0,1.0,248453,0,0,0,0,1,245761,false,1,1,0,false,2,4,6,true,2098176,0,0,0,true,2,8,1,11,0
21.0,1.0,248453,0,0,0,0,1,245761,false,1,1,0,false,2,4,6,true,2098176,0,0,0,true,3,12,1,11,0
22.0,1.0,248453,0,0,0,0,1,245761,false,1,1,0,false,2,4,6,true,2098176,1,0,0,true,3,12,1,11,0
23.0,1.0,248453,0,0,0,0,1,245761,false,1,1,0,false,2,4,6,true,3146752,1,0,0,true,3,12,1,11,0
24.0,1.0,248453,0,0,0,0,1,245761,false,1,1,0,false,2,4,6,true,3146752,1,0,0,true,3,12,1,11,0
25.0,1.0,248453,0,0,0,0,1,245761,false,1,1,0,false,2,4,6,true,3146752,1,0,0,true,3,12,1,11,0
26.0,1.0,248453,0,0,0,0,1,245761,false,1,1,0,false,2,4,6,true,3146752,1,0,0,true,3,12,1,11,0
27.0,1.0,248453,0,0,0,0,1,245761,false,1,1,0,false,2,4,6,true,3146752,1,0,0,true,3,12,1,11,0
28.0,1.0,248453,0,0,0,0,1,245761,false,1,1,0,false,2,4,6,true,3146752,0,0,0,true,3,12,1,11,0
29.0,1.0,248453,0,0,0,0,1,245761,false,1,1,0,false,2,4,6,true,3146752,0,0,0,true,3,16,1,11,0
30.0,1.0,248453,0,0,0,0,1,245761,false,1,1,0,false,2,4,6,true,3146752,1,0,0,true,3,16,1,11,0
31.0,1.0,248453,0,0,0,0,1,245761,false,1,1,0,false,2,4,6,true,3146752,1,0,0,true,4,16,1,11,0
32.0,1.0,248453,0,0,0,0,1,245761,false,1,1,0,false,2,4,6,true,3146752,1,0,0,true,4,16,1,11,0
33.0,1.0,248453,0,0,0,0,1,245761,false,1,1,0,false,2,4,6,true,4195328,1,0,0,true,4,16,1,11,0
34.0,1.0,248453,0,0,0,0,1,245761,false,1,1,0,false,2,4,6,true,4195328,1,0,0,true,4,16,1,11,0
35.0,1.0,248453,0,0,0,0,1,245761,false,1,1,0,false,2,4,6,true,4195328,1,0,0,true,4,16,1,11,0
36.0,1.0,248453,0,0,0,0,1,245761,false,1,1,0,false,2,4,6,true,4195328,0,0,0,true,4,16,1,11,0
37.0,1.0,248453,0,0,0,0,1,245761,false,1,1,0,false,2,4,6,true,4195328,0,0,0,true,4,20,1,11,0
38.0,1.0,248453,0,0,0,0,1,245761,false,1,1,0,false,2,4,6,true,4195328,1,0,0,true,4,20,1,11,0
39.0,1.0,248453,0,0,0,0,1,245761,false,1,1,0,false,2,4,6,true,4195328,1,0,0,true,4,20,1,11,0
40.0,1.0,248453,0,0,0,0,1,245761,false,1,1,0,false,2,4,6,true,4195328,1,0,0,true,4,20,1,11,0
41.0,1.0,248453,0,0,0,0,1,245761,false,1,1,0,false,2,4,6,true,4195328,1,0,0,true,5,20,1,11,0
42.0,1.0,248453,0,0,0,0,1,245761,false,1,1,0,false,2,4,6,true,4195328,1,0,0,true,5,20,1,11,0
43.0,1.0,248453,0,0,0,0,1,245761,false,1,1,0,false,2,4,6,true,5243904,1,0,0,true,5,20,1,11,0
44.0,1.0,248453,0,0,0,0,1,245761,false,1,1,0,false,2,4,6,true,5243904,0,0,0,true,5,20,1,11,0
45.0,1.0,248453,0,0,0,0,1,245761,false,1,1,0,false,2,4,6,true,5243904,0,0,0,true,5,24,1,11,0
46.0,1.0,248453,0,0,0,0,1,245761,false,1,1,0,false,2,4,6,true,5243904,1,0,0,true,5,24,1,11,0
47.0,1.0,248453,0,0,0,0,1,245761,false,1,1,0,false,2,4,6,true,5243904,1,0,0,true,5,24,1,11,0
48.0,1.0,248453,0,0,0,0,1,245761,false,1,1,0,false,2,4,6,true,5243904,1,0,0,true,5,24,1,11,0
49.0,1.0,248453,0,0,0,0,1,245761,false,1,1,0,false,2,4,6,true,5243904,1,0,0,true,5,24,1,11,0
50.0,1.0,248453,0,0,0,0,1,245761,false,1,1,0,false,2,4,6,true,5243904,1,0,0,true,5,24,1,11,0
51.0,1.0,248453,0,0,0,0,1,245761,false,1,1,0,false,2,4,6,true,5243904,1,0,0,true,6,24,1,11,0
52.0,1.0,248453,0,0,0,0,1,245761,false,1,1,0,false,2,4,6,true,5243904,0,0,0,true,6,24,1,11,0
53.0,1.0,248453,0,0,0,0,1,245761,false,1,1,0,false,2,4,6,true,6292480,0,0,0,true,6,28,1,11,0
54.0,1.0,248453,0,0,0,0,1,245761,false,1,1,0,false,2,4,6,true,6292480,1,0,0,true,6,28,1,11,0
55.0,1.0,248453,0,0,0,0,1,245761,false,1,1,0,false,2,4,6,true,6292480,1,0,0,true,6,28,1,11,0
56.0,1.0,248453,0,0,0,0,1,245761,false,1,1,0,false,2,4,6,true,6292480,1,0,0,true,6,28,1,11,0
57.0,1.0,248453,0,0,0,0,1,245761,false,1,1,0,false,2,4,6,true,6292480,1,0,0,true,6,28,1,11,0
58.0,1.0,248453,0,0,0,0,1,245761,false,1,1,0,false,2,4,6,true,6292480,1,0,0,true,6,28,1,11,0
59.0,1.0,248453,0,0,0,0,1,245761,false,1,1,0,false,2,4,6,true,6292480,1,0,0,true,6,28,1,11,0
60.0,1.0,248453,0,0,0,0,1,245761,false,1,1,0,false,2,4,6,true,6292480,0,0,0,true,6,28,1,11,0
61.0,1.0,248453,0,0,0,0,1,245761,false,1,1,0,false,2,4,6,true,6292480,0,0,0,true,7,32,1,11,0
62.0,1.0,248453,0,0,0,0,1,245761,false,1,1,0,false,2,4,6,true,6292480,1,0,0,true,7,32,1,11,0
63.0,1.0,248453,0,0,0,0,1,245761,false,1,1,0,false,2,4,6,true,7341056,1,0,0,true,7,32,1,11,0
64.0,1.0,248453,0,0,0,0,1,245761,false,1,1,0,false,2,4,6,true,7341056,1,0,0,true,7,32,1,11,0
65.0,1.0,248453,0,0,0,0,1,245761,false,1,1,0,false,2,4,6,true,7341056,1,0,0,true,7,32,1,11,0
66.0,1.0,248453,0,0,0,0,1,245761,false,1,1,0,false,2,4,6,true,7341056,1,0,0,true,7,32,1,11,0
67.0,1.0,248453,0,0,0,0,1,245761,false,1,1,0,false,2,4,6,true,7341056,1,0,0,true,7,32,1,11,0
68.0,1.0,248453,0,0,0,0,1,245761,false,1,1,0,false,2,4,6,true,7341056,0,0,0,true,7,32,1,11,0
69.0,1.0,248453,0,0,0,0,1,245761,false,1,1,0,false,2,4,6,true,7341056,0,0,0,true,7,36,1,11,0
70.0,1.0,248453,0,0,0,0,1,245761,false,1,1,0,false,2,4,6,true,7341056,1,0,0,true,7,36,1,11,0
71.0,1.0,248453,0,0,0,0,1,245761,false,1,1,0,false,2,4,6,true,7341056,1,0,0,true,8,36,1,11,0
72.0,1.0,248453,0,0,0,0,1,245761,false,1,1,0,false,2,4,6,true,7341056,1,0,0,true,8,36,1,11,0
73.0,1.0,248453,0,0,0,0,1,245761,false,1,1,0,false,2,4,6,true,8389632,1,0,0,true,8,36,1,11,0
74.0,1.0,248453,0,0,0,0,1,245761,false,1,1,0,false,2,4,6,true,8389632,1,0,0,true,8,36,1,11,0
75.0,1.0,248453,0,0,0,0,1,245761,false,1,1,0,false,2,4,6,true,8389632,1,0,0,true,8,36,1,11,0
76.0,1.0,248453,0,0,0,0,1,245761,false,1,1,0,false,2,4,6,true,8389632,0,0,0,true,8,36,1,11,0
77.0,1.0,248453,0,0,0,0,1,245761,false,1,1,0,false,2,4,6,true,8389632,0,0,0,true,8,40,1,11,0
78.0,1.0,248453,0,0,0,0,1,245761,false,1,1,0,false,2,4,6,true,8389632,1,0,0,true,8,40,1,11,0
79.0,1.0,248453,0,0,0,0,1,245761,false,1,1,0,false,2,4,6,true,8389632,1,0,0,true,8,40,1,11,0
80.0,1.0,248453,0,0,0,0,1,245761,false,1,1,0,false,2,4,6,true,8389632,1,0,0,true,8,40,1,11,0
81.0,1.0,248453,0,0,0,0,1,245761,false,1,1,0,false,2,4,6,true,8389632,1,0,0,true,9,40,1,11,0
82.0,1.0,248453,0,0,0,0,1,245761,false,1,1,0,false,2,4,6,true,8389632,1,0,0,true,9,40,1,11,0
83.0,1.0,248453,0,0,0,0,1,245761,false,1,1,0,false,2,4,6,true,9438208,1,0,0,true,9,40,1,11,0
84.0,1.0,248453,0,0,0,0,1,245761,false,1,1,0,false,2,4,6,true,9438208,0,0,0,true,9,40,1,11,0
85.0,1.0,248453,0,0,0,0,1,245761,false,1,1,0,false,2,4,6,true,9438208,0,0,0,true,9,44,1,11,0
86.0,1.0,248453,0,0,0,0,1,245761,false,1,1,0,false,2,4,6,true,9438208,1,0,0,true,9,44,1,11,0
87.0,1.0,248453,0,0,0,0,1,245761,false,1,1,0,false,2,4,6,true,9438208,1,0,0,true,9,44,1,11,0
88.0,1.0,248453,0,0,0,0,1,245761,false,1,1,0,false,2,4,6,true,9438208,1,0,0,true,9,44,1,11,0
89.0,1.0,248453,0,0,0,0,1,245761,false,1,1,0,false,2,4,6,true,9438208,1,0,0,true,9,44,1,11,0
90.0,1.0,248453,0,0,0,0,1,245761,false,1,1,0,false,2,4,6,true,9438208,1,0,0,true,9,44,1,11,0
91.0,1.0,199301,0,0,0,0,1,245761,false,1,1,0,false,2,4,6,true,9438208,1,0,0,true,10,44,1,11,0
92.0,1.0,199301,0,0,0,0,1,245761,false,1,1,0,false,2,4,6,true,9438208,0,0,0,true,10,44,1,11,0
93.0,1.0,199301,0,0,0,0,1,196615,false,1,1,0,false,2,4,6,true,10486784,0,0,0,true,10,48,1,11,0
94.0,1.0,199301,0,0,0,0,1,196615,false,1,1,0,false,2,4,6,true,10486784,1,0,0,true,10,48,1,11,0
95.0,1.0,182570,0,0,0,0,1,196615,false,1,1,0,false,2,4,6,true,10486784,1,0,0,true,10,48,1,11,0
96.0,1.0,182570,0,0,0,0,1,196615,false,1,1,0,false,2,4,6,true,10486784,1,0,0,true,10,48,1,11,0
97.0,1.0,182570,0,0,0,0,1,180225,false,1,1,0,false,2,4,6,true,10486784,1,0,0,true,10,48,1,11,0
98.0,1.0,182570,0,0,0,0,1,180225,false,1,1,0,false,2,4,6,true,10486784,1,0,0,true,10,48,1,11,0
99.0,1.0,182570,0,0,0,0,1,180225,false,1,1,0,false,2,4,6,true,10486784,1,0,0,true,10,48,1,11,0
100.0,1.0,182570,0,0,0,0,1,180225,false,1,1,0,false,2,4,6,true,10486784,0,0,0,true,10,48,1,11,0
101.0,1.0,286199,0,0,0,0,1,180225,false,1,1,0,false,2,4,6,true,10486784,0,0,0,true,11,52,1,11,0
102.0,1.0,286199,0,0,0,0,1,180225,false,1,1,0,false,2,4,6,true,10486784,1,0,0,true,11,52,1,11,0
103.0,1.0,286199,0,0,0,0,1,278529,false,1,1,0,false,2,4,6,true,11535360,1,0,0,true,11,52,1,11,0
104.0,1.0,286199,0,0,0,0,1,278529,false,1,1,0,false,2,4,6,true,11535360,1,0,0,true,11,52,1,11,0
105.0,1.0,318967,0,0,0,0,1,278529,false,1,1,0,false,2,4,6,true,11535360,1,0,0,true,11,52,1,11,0
106.0,1.0,318967,0,0,0,0,1,278529,false,1,1,0,false,2,4,6,true,11535360,1,0,0,true,11,52,1,11,0
107.0,1.0,318967,0,0,0,0,1,311297,false,1,1,0,false,2,4,6,true,11535360,1,0,0,true,11,52,1,11,0
108.0,1.0,318967,0,0,0,0,1,311297,false,1,1,0,false,2,4,6,true,11535360,0,0,0,true,11,52,1,11,0
109.0,1.0,318967,0,0,0,0,1,311297,false,1,1,0,false,2,4,6,true,11535360,0,0,0,true,11,56,1,11,0
110.0,1.0,318967,0,0,0,0,1,311297,false,1,1,0,false,2,4,6,true,11535360,1,0,0,true,11,56,1,11,0
111.0,1.0,318967,0,0,0,0,1,311297,false,1,1,0,false,2,4,6,true,11535360,1,0,0,true,12,56,1,11,0
112.0,1.0,318967,0,0,0,0,1,311297,false,1,1,0,false,2,4,6,true,11535360,1,0,0,true,12,56,1,11,0
113.0,1.0,318967,0,0,0,0,1,311297,false,1,1,0,false,2,4,6,true,12583936,1,0,0,true,12,56,1,11,0
114.0,1.0,318967,0,0,0,0,1,311297,false,1,1,0,false,2,4,6,true,12583936,1,0,0,true,12,56,1,11,0
115.0,1.0,318967,0,0,0,0,1,311297,false,1,1,0,false,2,4,6,true,12583936,1,0,0,true,12,56,1,11,0
116.0,1.0,318967,0,0,0,0,1,311297,false,1,1,0,false,2,4,6,true,12583936,0,0,0,true,12,56,1,11,0
117.0,1.0,318967,0,0,0,0,1,311297,false,1,1,0,false,2,4,6,true,12583936,0,0,0,true,12,60,1,11,0
118.0,1.0,318967,0,0,0,0,1,311297,false,1,1,0,false,2,4,6,true,12583936,1,0,0,true,12,60,1,11,0
119.0,1.0,318967,0,0,0,0,1,311297,false,1,1,0,false,2,4,6,true,12583936,1,0,0,true,12,60,1,11,0
120.0,1.0,318967,0,0,0,0,1,311297,false,1,1,0,false,2,4,6,true,12583936,1,0,0,true,12,60,1,11,0
121.0,1.0,318967,0,0,0,0,1,311297,false,1,1,0,false,2,4,6,true,12583936,1,0,0,true,13,60,1,11,0
122.0,1.0,318967,0,0,0,0,1,311297,false,1,1,0,false,2,4,6,true,12583936,1,0,0,true,13,60,1,11,0
123.0,1.0,318967,0,0,0,0,1,311297,false,1,1,0,false,2,4,6,true,13632512,1,0,0,true,13,60,1,11,0
124.0,1.0,318967,0,0,0,0,1,311297,false,1,1,0,false,2,4,6,true,13632512,0,0,0,true,13,60,1,11,0
125.0,1.0,318967,0,0,0,0,1,311297,false,1,1,0,false,2,4,6,true,13632512,0,0,0,true,13,64,1,11,0
126.0,1.0,318967,0,0,0,0,1,311297,false,1,1,0,false,2,4,6,true,13632512,1,0,0,true,13,64,1,11,0
127.0,1.0,318967,0,0,0,0,1,311297,false,1,1,0,false,2,4,6,true,13632512,1,0,0,true,13,64,1,11,0
128.0,1.0,318967,0,0,0,0,1,311297,false,1,1,0,false,2,4,6,true,13632512,1,0,0,true,13,64,1,11,0
129.0,1.0,318967,0,0,0,0,1,311297,false,1,1,0,false,2,4,6,true,13632512,1,0,0,true,13,64,1,11,0
130.0,1.0,318967,0,0,0,0,1,311297,false,1,1,0,false,2,4,6,true,13632512,1,0,0,true,13,64,1,11,0
131.0,1.0,318967,0,0,0,0,1,311297,false,1,1,0,false,2,4,6,true,13632512,1,0,0,true,14,64,1,11,0
132.0,1.0,318967,0,0,0,0,1,311297,false,1,1,0,false,2,4,6,true,13632512,0,0,0,true,14,64,1,11,0
133.0,1.0,318967,0,0,0,0,1,311297,false,1,1,0,false,2,4,6,true,14681088,0,0,0,true,14,68,1,11,0
134.0,1.0,318967,0,0,0,0,1,311297,false,1,1,0,false,2,4,6,true,14681088,1,0,0,true,14,68,1,11,0
135.0,1.0,318967,0,0,0,0,1,311297,false,1,1,0,false,2,4,6,true,14681088,1,0,0,true,14,68,1,11,0
136.0,1.0,318967,0,0,0,0,1,311297,false,1,1,0,false,2,4,6,true,14681088,1,0,0,true,14,68,1,11,0
137.0,1.0,318967,0,0,0,0,1,311297,false,1,1,0,false,2,4,6,true,14681088,1,0,0,true,14,68,1,11,0
138.0,1.0,318967,0,0,0,0,1,311297,false,1,1,0,false,2,4,6,true,14681088,1,0,0,true,14,68,1,11,0
139.0,1.0,318967,0,0,0,0,1,311297,false,1,1,0,false,2,4,6,true,14681088,1,0,0,true,14,68,1,11,0
140.0,1.0,318967,0,0,0,0,1,311297,false,1,1,0,false,2,4,6,true,14681088,0,0,0,true,14,68,1,11,0
141.0,1.0,318967,0,0,0,0,1,311297,false,1,1,0,false,2,4,6,true,14681088,0,0,0,true,15,72,1,11,0
142.0,1.0,318967,0,0,0,0,1,311297,false,1,1,0,false,2,4,6,true,14681088,1,0,0,true,15,72,1,11,0
143.0,1.0,318967,0,0,0,0,1,311297,false,1,1,0,false,2,4,6,true,15729664,1,0,0,true,15,72,1,11,0
144.0,1.0,318967,0,0,0,0,1,311297,false,1,1,0,false,2,4,6,true,15729664,1,0,0,true,15,72,1,11,0
145.0,1.0,318967,0,0,0,0,1,311297,false,1,1,0,false,2,4,6,true,15729664,1,0,0,true,15,72,1,11,0
146.0,1.0,318967,0,0,0,0,1,311297,false,1,1,0,false,2,4,6,true,15729664,1,0,0,true,15,72,1,11,0
147.0,1.0,318967,0,0,0,0,1,311297,false,1,1,0,false,2,4,6,true,15729664,1,0,0,true,15,72,1,11,0
148.0,1.0,318967,0,0,0,0,1,311297,false,1,1,0,false,2,4,6,true,15729664,0,0,0,true,15,72,1,11,0
149.0,1.0,318967,0,0,0,0,1,311297,false,1,1,0,false,2,4,6,true,15729664,0,0,0,true,15,76,1,11,0
150.0,1.0,318967,0,0,0,0,1,311297,false,1,1,0,false,2,4,6,true,15729664,1,0,0,true,15,76,1,11,0
151.0,1.0,318967,0,0,0,0,1,311297,false,1,1,0,false,2,4,6,true,15729664,1,0,0,true,16,76,1,11,0
152.0,1.0,318967,0,0,0,0,1,311297,false,1,1,0,false,2,4,6,true,15729664,1,0,0,true,16,76,1,11,0
153.0,1.0,318967,0,0,0,0,1,311297,false,1,1,0,false,2,4,6,true,16778240,1,0,0,true,16,76,1,11,0
154.0,1.0,318967,0,0,0,0,1,311297,false,1,1,0,false,2,4,6,true,16778240,1,0,0,true,16,76,1,11,0
155.0,1.0,318967,0,0,0,0,1,311297,false,1,1,0,false,2,4,6,true,16778240,1,0,0,true,16,76,1,11,0
156.0,1.0,318967,0,0,0,0,1,311297,false,1,1,0,false,2,4,6,true,16778240,0,0,0,true,16,76,1,11,0
157.0,1.0,318967,0,0,0,0,1,311297,false,1,1,0,false,2,4,6,true,16778240,0,0,0,true,16,80,1,11,0
158.0,1.0,318967,0,0,0,0,1,311297,false,1,1,0,false,2,4,6,true,16778240,1,0,0,true,16,80,1,11,0
159.0,1.0,318967,0,0,0,0,1,311297,false,1,1,0,false,2,4,6,true,16778240,1,0,0,true,16,80,1,11,0
160.0,1.0,318967,0,0,0,0,1,311297,false,1,1,0,false,2,4,6,true,16778240,1,0,0,true,16,80,1,11,0
161.0,1.0,318967,0,0,0,0,1,311297,false,1,1,0,false,2,4,6,true,16778240,1,0,0,true,17,80,1,11,0
162.0,1.0,318967,0,0,0,0,1,311297,false,1,1,0,false,2,4,6,true,16778240,1,0,0,true,17,80,1,11,0
163.0,1.0,318967,0,0,0,0,1,311297,false,1,1,0,false,2,4,6,true,17826816,1,0,0,true,17,80,1,11,0
164.0,1.0,318967,0,0,0,0,1,311297,false,1,1,0,false,2,4,6,true,17826816,0,0,0,true,17,80,1,11,0
165.0,1.0,318967,0,0,0,0,1,311297,false,1,1,0,false,2,4,6,true,17826816,0,0,0,true,17,84,1,11,0
166.0,1.0,318967,0,0,0,0,1,311297,false,1,1,0,false,2,4,6,true,17826816,1,0,0,true,17,84,1,11,0
167.0,1.0,318967,0,0,0,0,1,311297,false,1,1,0,false,2,4,6,true,17826816,1,0,0,true,17,84,1,11,0
168.0,1.0,318967,0,0,0,0,1,311297,false,1,1,0,false,2,4,6,true,17826816,1,0,0,true,17,84,1,11,0
169.0,1.0,318967,0,0,0,0,1,311297,false,1,1,0,false,2,4,6,true,17826816,1,0,0,true,17,84,1,11,0
170.0,1.0,318967,0,0,0,0,1,311297,false,1,1,0,false,2,4,6,true,17826816,1,0,0,true,17,84,1,11,0
171.0,1.0,318967,0,0,0,0,1,311297,false,1,1,0,false,2,4,6,true,17826816,1,0,0,true,18,84,1,11,0
172.0,1.0,318967,0,0,0,0,1,311297,false,1,1,0,false,2,4,6,true,17826816,0,0,0,true,18,84,1,11,0
173.0,1.0,318967,0,0,0,0,1,311297,false,1,1,0,false,2,4,6,true,18875392,0,0,0,true,18,88,1,11,0
174.0,1.0,318967,0,0,0,0,1,311297,false,1,1,0,false,2,4,6,true,18875392,1,0,0,true,18,88,1,11,0
175.0,1.0,318967,0,0,0,0,1,311297,false,1,1,0,false,2,4,6,true,18875392,1,0,0,true,18,88,1,11,0
176.0,1.0,318967,0,0,0,0,1,311297,false,1,1,0,false,2,4,6,true,18875392,1,0,0,true,18,88,1,11,0
177.0,1.0,318967,0,0,0,0,1,311297,false,1,1,0,false,2,4,6,true,18875392,1,0,0,true,18,88,1,11,0
178.0,1.0,318967,0,0,0,0,1,311297,false,1,1,0,false,2,4,6,true,18875392,1,0,0,true,18,88,1,11,0
179.0,1.0,318967,0,0,0,0,1,311297,false,1,1,0,false,2,4,6,true,18875392,1,0,0,true,18,88,1,11,0
180.0,1.0,318967,0,0,0,0,1,311297,false,1,1,0,false,2,4,6,true,18875392,0,0,0,true,18,88,1,11,0
181.0,1.0,318967,0,0,0,0,1,311297,false,1,1,0,false,2,4,6,true,18875392,0,0,0,true,19,92,1,11,0
182.0,1.0,318967,0,0,0,0,1,311297,false,1,1,0,false,2,4,6,true,18875392,1,0,0,true,19,92,1,11,0
183.0,1.0,318967,0,0,0,0,1,311297,false,1,1,0,false,2,4,6,true,19923968,1,0,0,true,19,92,1,11,0
184.0,1.0,318967,0,0,0,0,1,311297,false,1,1,0,false,2,4,6,true,19923968,1,0,0,true,19,92,1,11,0
185.0,1.0,318967,0,0,0,0,1,311297,false,1,1,0,false,2,4,6,true,19923968,1,0,0,true,19,92,1,11,0
186.0,1.0,318967,0,0,0,0,1,311297,false,1,1,0,false,2,4,6,true,19923968,1,0,0,true,19,92,1,11,0
187.0,1.0,318967,0,0,0,0,1,311297,false,1,1,0,false,2,4,6,true,19923968,1,0,0,true,19,92,1,11,0
188.0,1.0,318967,0,0,0,0,1,311297,false,1,1,0,false,2,4,6,true,19923968,0,0,0,true,19,92,1,11,0
189.0,1.0,318967,0,0,0,0,1,311297,false,1,1,0,false,2,4,6,true,19923968,0,0,0,true,19,96,1,11,0
190.0,1.0,318967,0,0,0,0,1,311297,false,1,1,0,false,2,4,6,true,19923968,1,0,0,true,19,96,1,11,0
191.0,1.0,318967,0,0,0,0,1,311297,false,1,1,0,false,2,4,6,true,19923968,1,0,0,true,20,96,1,11,0
192.0,1.0,318967,0,0,0,0,1,311297,false,1,1,0,false,2,4,6,true,19923968,1,0,0,true,20,96,1,11,0
193.0,1.0,318967,0,0,0,0,1,311297,false,1,1,0,false,2,4,6,true,20972544,1,0,0,true,20,96,1,11,0
194.0,1.0,318967,0,0,0,0,1,311297,false,1,1,0,false,2,4,6,true,20972544,1,0,0,true,20,96,1,11,0
195.0,1.0,318967,0,0,0,0,1,311297,false,1,1,0,false,2,4,6,true,20972544,1,0,0,true,20,96,1,11,0
196.0,1.0,318967,0,0,0,0,1,311297,false,1,1,0,false,2,4,6,true,20972544,0,0,0,true,20,96,1,11,0
197.0,1.0,318967,0,0,0,0,1,311297,false,1,1,0,false,2,4,6,true,20972544,0,0,0,true,20,100,1,11,0
198.0,1.0,318967,0,0,0,0,1,311297,false,1,1,0,false,2,4,6,true,20972544,1,0,0,true,20,100,1,11,0
199.0,1.0,318967,0,0,0,0,1,311297,false,1,1,0,false,2,4,6,true,20972544,1,0,0,true,20,100,1,11,0
200.0,1.0,318967,0,0,0,0,1,311297,false,1,1,0,false,2,4,6,true,20972544,1,0,0,true,20,100,1,11,0
201.0,1.0,318967,0,0,0,0,1,311297,false,1,1,0,false,2,4,6,true,20972544,1,0,0,true,21,100,1,11,0
202.0,1.0,318967,0,0,0,0,1,311297,false,1,1,0,false,2,4,6,true,20972544,1,0,0,true,21,100,1,11,0
203.0,1.0,318967,0,0,0,0,1,311297,false,1,1,0,false,2,4,6,true,22021120,1,0,0,true,21,100,1,11,0
204.0,1.0,318967,0,0,0,0,1,311297,false,1,1,0,false,2,4,6,true,22021120,0,0,0,true,21,100,1,11,0
205.0,1.0,318967,0,0,0,0,1,311297,false,1,1,0,false,2,4,6,true,22021120,0,0,0,true,21,104,1,11,0
206.0,1.0,318967,0,0,0,0,1,311297,false,1,1,0,false,2,4,6,true,22021120,1,0,0,true,21,104,1,11,0
207.0,1.0,318967,0,0,0,0,1,311297,false,1,1,0,false,2,4,6,true,22021120,1,0,0,true,21,104,1,11,0
208.0,1.0,318967,0,0,0,0,1,311297,false,1,1,0,false,2,4,6,true,22021120,1,0,0,true,21,104,1,11,0
209.0,1.0,318967,0,0,0,0,1,311297,false,1,1,0,false,2,4,6,true,22021120,1,0,0,true,21,104,1,11,0
210.0,1.0,318967,0,0,0,0,1,311297,false,1,1,0,false,2,4,6,true,22021120,1,0,0,true,21,104,1,11,0
211.0,1.0,318967,0,0,0,0,1,311297,false,1,1,0,false,2,4,6,true,22021120,1,0,0,true,22,104,1,11,0
212.0,1.0,318967,0,0,0,0,1,311297,false,1,1,0,false,2,4,6,true,22021120,0,0,0,true,22,104,1,11,0
213.0,1.0,318967,0,0,0,0,1,311297,false,1,1,0,false,2,4,6,true,23069696,0,0,0,true,22,108,1,11,0
214.0,1.0,318967,0,0,0,0,1,311297,false,1,1,0,false,2,4,6,true,23069696,1,0,0,true,22,108,1,11,0
215.0,1.0,318967,0,0,0,0,1,311297,false,1,1,0,false,2,4,6,true,23069696,1,0,0,true,22,108,1,11,0
216.0,1.0,318967,0,0,0,0,1,311297,false,1,1,0,false,2,4,6,true,23069696,1,0,0,true,22,108,1,11,0
217.0,1.0,318967,0,0,0,0,1,311297,false,1,1,0,false,2,4,6,true,23069696,1,0,0,true,22,108,1,11,0
218.0,1.0,318967,0,0,0,0,1,311297,false,1,1,0,false,2,4,6,true,23069696,1,0,0,true,22,108,1,11,0
219.0,1.0,318967,0,0,0,0,1,311297,false,1,1,0,false,2,4,6,true,23069696,1,0,0,true,22,108,1,11,0
220.0,1.0,318967,0,0,0,0,1,311297,false,1,1,0,false,2,4,6,true,23069696,0,0,0,true,22,108,1,11,0
221.0,1.0,318967,0,0,0,0,1,311297,false,1,1,0,false,2,4,6,true,23069696,0,0,0,true,23,112,1,11,0
222.0,1.0,318967,0,0,0,0,1,311297,false,1,1,0,false,2,4,6,true,23069696,1,0,0,true,23,112,1,11,0
223.0,1.0,318967,0,0,0,0,1,311297,false,1,1,0,false,2,4,6,true,24118272,1,0,0,true,23,112,1,11,0
224.0,1.0,318967,0,0,0,0,1,311297,false,1,1,0,false,2,4,6,true,24118272,1,0,0,true,23,112,1,11,0
225.0,1.0,318967,0,0,0,0,1,311297,false,1,1,0,false,2,4,6,true,24118272,1,0,0,true,23,112,1,11,0
226.0,1.0,318967,0,0,0,0,1,311297,false,1,1,0,false,2,4,6,true,24118272,1,0,0,true,23,112,1,11,0
227.0,1.0,318967,0,0,0,0,1,311297,false,1,1,0,false,2,4,6,true,24118272,1,0,0,true,23,112,1,11,0
228.0,1.0,318967,0,0,0,0,1,311297,false,1,1,0,false,2,4,6,true,24118272,0,0,0,true,23,112,1,11,0
229.0,1.0,318967,0,0,0,0,1,311297,false,1,1,0,false,2,4,6,true,24118272,0,0,0,true,23,116,1,11,0
230.0,1.0,318967,0,0,0,0,1,311297,false,1,1,0,false,2,4,6,true,24118272,1,0,0,true,23,116,1,11,0
231.0,1.0,318967,0,0,0,0,1,311297,false,1,1,0,false,2,4,6,true,24118272,1,0,0,true,24,116,1,11,0
232.0,1.0,318967,0,0,0,0,1,311297,false,1,1,0,false,2,4,6,true,24118272,1,0,0,true,24,116,1,11,0
233.0,1.0,318967,0,0,0,0,1,311297,false,1,1,0,false,2,4,6,true,25166848,1,0,0,true,24,116,1,11,0
234.0,1.0,318967,0,0,0,0,1,311297,false,1,1,0,false,2,4,6,true,25166848,1,0,0,true,24,116,1,11,0
235.0,1.0,318967,0,0,0,0,1,311297,false,1,1,0,false,2,4,6,true,25166848,1,0,0,true,24,116,1,11,0
236.0,1.0,318967,0,0,0,0,1,311297,false,1,1,0,false,2,4,6,true,25166848,0,0,0,true,24,116,1,11,0
237.0,1.0,318967,0,0,0,0,1,311297,false,1,1,0,false,2,4,6,true,25166848,0,0,0,true,24,120,1,11,0
238.0,1.0,318967,0,0,0,0,1,311297,false,1,1,0,false,2,4,6,true,25166848,1,0,0,true,24,120,1,11,0
239.0,1.0,318967,0,0,0,0,1,311297,false,1,1,0,false,2,4,6,true,25166848,1,0,0,true,24,120,1,11,0
