{"startTime":0,"endTime":100,"logLevels":{"{HMI}.HMIInstance":["logAll","logError","logFmiCall","Protocol","VdmOut","VdmErr"],"{PT}.PTInstance":["logAll","logError","logFmiCall","Protocol","VdmOut","VdmErr"],"{WAG}.WAGInstance":["logAll","logError","logFmiCall","Protocol","VdmOut","VdmErr"],"{TEST}.TESTInstance":["logAll","logError","logFmiCall","Protocol","VdmOut","VdmErr"],"{WH}.WHInstance":["logAll","logError","logFmiCall","Protocol","VdmOut","VdmErr"],"{ROBOT}.ROBOTInstance":["logAll","logError","logFmiCall","Protocol","VdmOut","VdmErr"]}}