{"fmus":{"{pt}":"file:///D:/AugCoSIM/ipp4cpps-project/FMUs/FMU_VDM_PartTracker.fmu","{r}":"file:///D:/AugCoSIM/ipp4cpps-project/FMUs/FMU_VDM_Robot.fmu","{ts}":"file:///D:/AugCoSIM/ipp4cpps-project/FMUs/FMU_VDM_TestStation.fmu","{w1}":"file:///D:/AugCoSIM/ipp4cpps-project/FMUs/FMU_VDM_Wagon.fmu","{WH}":"file:///D:/AugCoSIM/ipp4cpps-project/FMUs/Warehouse_20SimModel.fmu"},"connections":{"{pt}.pt.leaveStationA":["{w1}.wagon1.leaveStation"],"{pt}.pt.leaveStationC":["{w1}.wagon3.leaveStation"],"{pt}.pt.leaveStationB":["{w1}.wagon2.leaveStation"],"{pt}.pt.speedA":["{w1}.wagon1.speed"],"{pt}.pt.speedC":["{w1}.wagon3.speed"],"{pt}.pt.speedB":["{w1}.wagon2.speed"],"{pt}.pt.w_in1":["{WH}.WHInstance.warehouse_in1"],"{pt}.pt.w_in3":["{WH}.WHInstance.warehouse_in3"],"{pt}.pt.w_in2":["{WH}.WHInstance.warehouse_in2"],"{pt}.pt.w_valid":["{WH}.WHInstance.WOrderValid"],"{pt}.pt.p_ID":["{WH}.WHInstance.tracker_ID"],"{w1}.wagon1.pos":["{pt}.pt.posA","{w1}.wagon2.pos_front","{w1}.wagon3.pos_behind"],"{w1}.wagon3.pos":["{pt}.pt.posC","{w1}.wagon1.pos_front","{w1}.wagon2.pos_behind"],"{w1}.wagon2.pos":["{pt}.pt.posB","{w1}.wagon3.pos_front","{w1}.wagon1.pos_behind"],"{WH}.WHInstance.robot_in1":["{r}.robo_Instance.r_in1"],"{WH}.WHInstance.robot_in2":["{r}.robo_Instance.r_in2"],"{WH}.WHInstance.trynumber":["{r}.robo_Instance.r_ID"],"{r}.robo_Instance.r_out":["{WH}.WHInstance.robot_out"],"{ts}.testStation.testResult":["{pt}.pt.testResult"],"{ts}.testStation.t_out":["{pt}.pt.t_out"],"{ts}.testStation.t_status":["{pt}.pt.t_status"]},"parameters":{"{w1}.wagon1.START_POS":20,"{w1}.wagon3.START_POS":10,"{w1}.wagon2.START_POS":15},"livestream":{"{pt}.pt":["p_ID","w_in1","w_in3","w_in2"]},"loggingOn":true,"overrideLogLevel":"TRACE","algorithm":{"type":"fixed-step","size":1},"multimodel_crc":null,"parallelSimulation":false,"stabalizationEnabled":false,"global_absolute_tolerance":0,"global_relative_tolerance":0.01,"simulationProgramDelay":false}