{"startTime":0,"endTime":1000,"reportProgress":true,"liveLogInterval":0,"logLevels":{"{pt}.pt":["logAll","logError","logFmiCall","Protocol","VdmErr","VdmOut"],"{w1}.wagon1":["logAll","logError","logFmiCall","Protocol","VdmErr","VdmOut"],"{w1}.wagon3":["logAll","logError","logFmiCall","Protocol","VdmErr","VdmOut"],"{w1}.wagon2":["logAll","logError","logFmiCall","Protocol","VdmErr","VdmOut"],"{WH}.WHInstance":[],"{r}.robo_Instance":["logAll","logError","logFmiCall","Protocol","VdmErr","VdmOut"],"{ts}.testStation":["logAll","logError","logFmiCall","Protocol","VdmErr","VdmOut"]}}