{"startTime":0,"endTime":1000,"reportProgress":true,"liveLogInterval":0,"logLevels":{"{HMI}.HMIInstance":["logAll","logError","logFmiCall","Protocol","VdmErr","VdmOut"],"{PT}.PTInstance":["logAll","logError","logFmiCall","Protocol","VdmErr","VdmOut"],"{WAG}.WAGInstance":["logAll","logError","logFmiCall","Protocol","VdmErr","VdmOut"],"{WH}.WHInstance":["logAll","logError","logFmiCall","Protocol","VdmErr","VdmOut"],"{TEST}.TESTInstance":["logAll","logError","logFmiCall","Protocol","VdmErr","VdmOut"],"{ROBOT}.ROBOTInstance":["logAll","logError","logFmiCall","Protocol","VdmErr","VdmOut"]}}