{"fmus":{"{pt}":"file:///D:/iPP4CPSS/All_FMUs_7.03.2017/ipp4cpps-project/FMUs/FMU_VDM_PartTracker.fmu","{r}":"file:///D:/iPP4CPSS/All_FMUs_7.03.2017/ipp4cpps-project/FMUs/FMU_VDM_Robot.fmu","{ts}":"file:///D:/iPP4CPSS/All_FMUs_7.03.2017/ipp4cpps-project/FMUs/FMU_VDM_TestStation.fmu","{w1}":"file:///D:/iPP4CPSS/All_FMUs_7.03.2017/ipp4cpps-project/FMUs/FMU_VDM_Wagon.fmu","{w}":"file:///D:/iPP4CPSS/All_FMUs_7.03.2017/ipp4cpps-project/FMUs/FMU_VDM_Warehouse.fmu","{3DAnimation}":"file:///D:/iPP4CPSS/All_FMUs_7.03.2017/ipp4cpps-project/FMUs/3DAnimationFMU.fmu"},"connections":{"{pt}.pt.w_in3":["{w}.warehouse.w_in3","{3DAnimation}.3DAnimationInstance.Interface3D\\PartTracker_warehouse_in3"],"{pt}.pt.w_in2":["{w}.warehouse.w_in2","{3DAnimation}.3DAnimationInstance.Interface3D\\PartTracker_warehouse_in2"],"{pt}.pt.w_in1":["{w}.warehouse.w_in1","{3DAnimation}.3DAnimationInstance.Interface3D\\PartTracker_warehouse_in1"],"{pt}.pt.leaveStationA":["{w1}.wagon1.leaveStation"],"{pt}.pt.leaveStationC":["{w1}.wagon3.leaveStation"],"{pt}.pt.leaveStationB":["{w1}.wagon2.leaveStation"],"{pt}.pt.speedA":["{w1}.wagon1.speed"],"{pt}.pt.speedC":["{w1}.wagon3.speed"],"{pt}.pt.speedB":["{w1}.wagon2.speed"],"{pt}.pt.p_ID":["{w}.warehouse.p_ID"],"{w}.warehouse.w_out":["{pt}.pt.w_out"],"{w}.warehouse.r_in1":["{r}.robot.r_in1"],"{w}.warehouse.r_in2":["{r}.robot.r_in2"],"{w}.warehouse.r_ID":["{r}.robot.r_ID"],"{w1}.wagon1.pos":["{pt}.pt.posA","{w1}.wagon2.pos_front","{w1}.wagon3.pos_behind","{3DAnimation}.3DAnimationInstance.Interface3D\\Wagon1_pos"],"{w1}.wagon3.pos":["{pt}.pt.posC","{w1}.wagon1.pos_front","{w1}.wagon2.pos_behind","{3DAnimation}.3DAnimationInstance.Interface3D\\Wagon3_pos"],"{w1}.wagon2.pos":["{pt}.pt.posB","{w1}.wagon3.pos_front","{w1}.wagon1.pos_behind","{3DAnimation}.3DAnimationInstance.Interface3D\\Wagon2_pos"],"{ts}.testStation.testResult":["{pt}.pt.testResult"],"{ts}.testStation.t_out":["{pt}.pt.t_out"],"{ts}.testStation.t_status":["{pt}.pt.t_status"]},"parameters":{"{w1}.wagon1.START_POS":20,"{w1}.wagon3.START_POS":10,"{w1}.wagon2.START_POS":15},"livestream":{"{w1}.wagon1":["pos"],"{w1}.wagon3":["pos"],"{w1}.wagon2":["pos"]},"loggingOn":true,"overrideLogLevel":"TRACE","algorithm":{"type":"fixed-step","size":5}}