{"startTime":0,"endTime":1000,"logLevels":{"{pt}.pt":["logAll","logError","logFmiCall","Protocol","VdmOut","VdmErr"],"{w}.warehouse":["logAll","logError","logFmiCall","Protocol","VdmOut","VdmErr"],"{3DAnimation}.3DAnimationInstance":[],"{w1}.wagon1":["logAll","logError","logFmiCall","Protocol","VdmOut","VdmErr"],"{w1}.wagon3":["logAll","logError","logFmiCall","Protocol","VdmOut","VdmErr"],"{w1}.wagon2":["logAll","logError","logFmiCall","Protocol","VdmOut","VdmErr"],"{r}.robot":["logAll","logError","logFmiCall","Protocol","VdmOut","VdmErr"],"{ts}.testStation":["logAll","logError","logFmiCall","Protocol","VdmOut","VdmErr"]}}